InvoiceNo,StockCode,Description,Quantity,InvoiceDate,UnitPrice,CustomerID,Country,TotalPrice
10102,P0045,Producto 14,4,2021-01-28,69.77,1082,El Salvador,279.08
10435,P0005,Producto 13,3,2021-03-11,22.65,1009,Honduras,67.94999999999999
10860,P0033,Producto 29,7,2021-06-21,59.94,1091,Guatemala,419.58
10270,P0001,Producto 12,3,2021-05-29,27.2,1028,Honduras,81.6
10106,P0018,Producto 39,3,2021-01-28,66.53,1078,Honduras,199.59
10071,P0032,Producto 2,5,2021-02-23,81.68,1034,El Salvador,408.40000000000003
10700,P0047,Producto 32,5,2021-03-06,78.02,1005,Honduras,390.09999999999997
10020,P0049,Producto 13,6,2021-04-10,76.32,1011,Guatemala,457.91999999999996
10614,P0011,Producto 46,8,2021-01-21,19.58,1037,Honduras,156.64
10121,P0021,Producto 27,6,2021-01-13,9.75,1076,Guatemala,58.5
10466,P0026,Producto 49,1,2021-02-26,70.2,1092,Honduras,70.2
10214,P0025,Producto 41,8,2021-02-18,37.47,1018,Guatemala,299.76
10330,P0022,Producto 17,8,2021-04-28,43.8,1066,Honduras,350.4
10458,P0027,Producto 40,9,2021-02-23,4.08,1007,Honduras,36.72
10087,P0049,Producto 31,9,2021-05-18,26.7,1007,Costa Rica,240.29999999999998
10372,P0013,Producto 34,2,2021-02-22,4.33,1083,Guatemala,8.66
10099,P0033,Producto 24,2,2021-02-13,88.04,1046,Guatemala,176.08
10871,P0034,Producto 45,3,2021-02-16,25.1,1003,Guatemala,75.30000000000001
10663,P0041,Producto 35,1,2021-02-22,56.18,1050,Nicaragua,56.18
10130,P0035,Producto 48,4,2021-03-15,4.86,1084,Honduras,19.44
10661,P0001,Producto 6,4,2021-02-15,67.02,1066,Guatemala,268.08
10308,P0021,Producto 19,9,2021-01-13,32.98,1044,Nicaragua,296.82
10769,P0048,Producto 30,9,2021-06-14,89.89,1007,Costa Rica,809.01
10343,P0006,Producto 7,9,2021-04-12,88.92,1086,Guatemala,800.28
10491,P0028,Producto 10,7,2021-01-24,33.2,1015,Guatemala,232.40000000000003
10413,P0017,Producto 41,2,2021-01-02,90.2,1076,Nicaragua,180.4
10805,P0005,Producto 32,5,2021-03-22,99.62,1066,Honduras,498.1
10385,P0031,Producto 34,4,2021-04-10,82.72,1008,Costa Rica,330.88
10191,P0005,Producto 28,8,2021-05-22,84.64,1059,Guatemala,677.12
10955,P0038,Producto 15,2,2021-05-18,25.65,1077,Honduras,51.3
10276,P0003,Producto 30,6,2021-06-12,58.09,1076,Costa Rica,348.54
10160,P0023,Producto 37,5,2021-06-02,7.66,1070,El Salvador,38.3
10459,P0037,Producto 29,2,2021-05-11,10.4,1014,El Salvador,20.8
10313,P0037,Producto 22,1,2021-04-21,99.89,1070,Costa Rica,99.89
10021,P0010,Producto 4,8,2021-04-12,33.34,1097,Nicaragua,266.72
10252,P0010,Producto 20,2,2021-01-17,75.07,1040,Costa Rica,150.14
10747,P0019,Producto 32,7,2021-01-12,80.86,1021,Costa Rica,566.02
10856,P0017,Producto 36,9,2021-04-26,85.94,1023,Nicaragua,773.46
10560,P0021,Producto 4,9,2021-01-24,99.77,1043,Nicaragua,897.93
10474,P0014,Producto 27,8,2021-01-29,24.91,1000,Honduras,199.28
10058,P0009,Producto 17,9,2021-06-20,4.99,1009,Honduras,44.910000000000004
10510,P0046,Producto 12,2,2021-06-02,41.71,1079,Nicaragua,83.42
10681,P0001,Producto 22,6,2021-05-02,13.88,1071,El Salvador,83.28
10475,P0045,Producto 17,4,2021-03-31,3.22,1055,El Salvador,12.88
10699,P0013,Producto 10,4,2021-03-06,36.68,1088,Costa Rica,146.72
10975,P0004,Producto 1,5,2021-03-25,78.59,1049,Guatemala,392.95000000000005
10782,P0001,Producto 22,3,2021-04-29,57.05,1011,Costa Rica,171.14999999999998
10189,P0049,Producto 26,1,2021-06-05,31.97,1088,Costa Rica,31.97
10957,P0040,Producto 18,8,2021-01-16,65.78,1080,Guatemala,526.24
10686,P0032,Producto 14,5,2021-06-24,23.97,1059,Nicaragua,119.85
10957,P0034,Producto 47,3,2021-04-14,2.42,1025,El Salvador,7.26
10562,P0028,Producto 29,7,2021-04-02,76.67,1077,Costa Rica,536.69
10875,P0031,Producto 12,7,2021-01-27,62.75,1040,Guatemala,439.25
10566,P0008,Producto 36,1,2021-06-19,76.47,1035,Honduras,76.47
10243,P0039,Producto 35,9,2021-06-24,4.85,1022,Costa Rica,43.65
10831,P0026,Producto 12,2,2021-06-11,83.87,1042,El Salvador,167.74
10504,P0034,Producto 7,5,2021-06-14,62.33,1005,Nicaragua,311.65
10130,P0003,Producto 29,5,2021-05-14,56.78,1068,Costa Rica,283.9
10484,P0012,Producto 11,8,2021-05-15,62.84,1042,Costa Rica,502.72
10818,P0001,Producto 33,8,2021-06-02,86.58,1024,Guatemala,692.64
10646,P0044,Producto 6,7,2021-02-02,59.11,1017,Honduras,413.77
10020,P0005,Producto 47,7,2021-02-24,58.51,1061,Honduras,409.57
10840,P0030,Producto 15,6,2021-01-07,99.08,1012,Nicaragua,594.48
10166,P0030,Producto 32,6,2021-02-26,75.92,1042,El Salvador,455.52
10273,P0017,Producto 11,9,2021-05-06,44.79,1077,Nicaragua,403.11
10387,P0048,Producto 23,6,2021-01-12,71.03,1027,Costa Rica,426.18
10600,P0047,Producto 26,2,2021-01-16,39.53,1017,Costa Rica,79.06
10315,P0023,Producto 34,2,2021-02-12,23.66,1058,Honduras,47.32
10013,P0015,Producto 46,5,2021-04-27,60.09,1059,El Salvador,300.45000000000005
10241,P0037,Producto 34,4,2021-05-15,92.89,1062,Guatemala,371.56
10776,P0021,Producto 29,2,2021-04-21,92.98,1056,El Salvador,185.96
10345,P0014,Producto 4,3,2021-02-20,34.85,1091,Costa Rica,104.55000000000001
10564,P0002,Producto 17,7,2021-06-09,53.24,1050,Guatemala,372.68
10897,P0011,Producto 35,8,2021-03-16,21.95,1055,El Salvador,175.6
10339,P0039,Producto 13,6,2021-01-08,99.57,1026,El Salvador,597.42
10091,P0038,Producto 41,5,2021-02-14,98.13,1031,Guatemala,490.65
10366,P0034,Producto 39,1,2021-02-28,65.3,1008,Costa Rica,65.3
10955,P0038,Producto 15,8,2021-05-12,80.64,1095,El Salvador,645.12
10454,P0034,Producto 29,3,2021-04-14,71.79,1083,Guatemala,215.37
10427,P0018,Producto 29,6,2021-06-06,59.72,1091,Costa Rica,358.32
10508,P0030,Producto 11,3,2021-06-06,6.28,1096,Guatemala,18.84
10775,P0015,Producto 32,7,2021-04-08,46.02,1067,Guatemala,322.14000000000004
10942,P0027,Producto 2,7,2021-06-05,67.8,1045,El Salvador,474.59999999999997
10034,P0034,Producto 47,9,2021-03-20,68.08,1097,Costa Rica,612.72
10205,P0038,Producto 14,5,2021-05-04,37.94,1066,El Salvador,189.7
10080,P0033,Producto 20,8,2021-06-21,94.23,1025,Nicaragua,753.84
10931,P0024,Producto 22,8,2021-01-04,17.57,1007,Nicaragua,140.56
10561,P0015,Producto 11,1,2021-03-31,50.54,1005,Costa Rica,50.54
10871,P0030,Producto 27,5,2021-04-14,69.4,1079,Guatemala,347.0
10387,P0042,Producto 3,3,2021-05-17,70.02,1023,El Salvador,210.06
10001,P0017,Producto 17,1,2021-04-29,65.22,1047,El Salvador,65.22
10389,P0005,Producto 44,4,2021-05-13,28.25,1093,Costa Rica,113.0
10565,P0029,Producto 28,8,2021-02-25,16.46,1044,Costa Rica,131.68
10105,P0004,Producto 29,3,2021-04-06,63.96,1012,Nicaragua,191.88
10771,P0010,Producto 21,2,2021-06-27,60.33,1068,Honduras,120.66
10821,P0017,Producto 47,9,2021-03-16,18.76,1024,Costa Rica,168.84
10476,P0010,Producto 16,5,2021-05-23,70.81,1019,Honduras,354.05
10702,P0017,Producto 37,7,2021-02-01,46.06,1081,Costa Rica,322.42
10401,P0020,Producto 20,2,2021-01-28,67.11,1081,Guatemala,134.22
10729,P0024,Producto 6,9,2021-01-22,83.9,1065,Guatemala,755.1
10555,P0005,Producto 19,9,2021-01-17,17.8,1073,Nicaragua,160.20000000000002
10161,P0034,Producto 5,4,2021-02-28,2.9,1044,Nicaragua,11.6
10201,P0006,Producto 3,4,2021-03-31,78.13,1046,Honduras,312.52
10957,P0002,Producto 1,6,2021-04-16,61.36,1062,Costa Rica,368.15999999999997
10995,P0013,Producto 38,6,2021-01-26,70.26,1075,El Salvador,421.56000000000006
10269,P0043,Producto 15,1,2021-01-25,83.98,1076,Nicaragua,83.98
10862,P0043,Producto 34,9,2021-05-18,80.48,1054,El Salvador,724.32
10815,P0048,Producto 35,2,2021-02-14,96.13,1074,El Salvador,192.26
10270,P0011,Producto 49,5,2021-03-24,54.06,1018,Costa Rica,270.3
10455,P0047,Producto 25,9,2021-01-11,49.36,1034,Honduras,444.24
10461,P0023,Producto 24,4,2021-04-14,40.79,1052,Costa Rica,163.16
10726,P0016,Producto 12,3,2021-03-09,16.22,1025,Nicaragua,48.66
10251,P0031,Producto 18,7,2021-04-05,57.69,1013,El Salvador,403.83
10701,P0011,Producto 15,6,2021-06-05,28.42,1044,Costa Rica,170.52
10295,P0016,Producto 44,8,2021-03-06,92.21,1043,Costa Rica,737.68
10724,P0008,Producto 16,3,2021-02-18,58.74,1087,Costa Rica,176.22
10719,P0004,Producto 27,5,2021-06-24,59.69,1064,Nicaragua,298.45
10748,P0040,Producto 8,4,2021-02-21,36.14,1050,Honduras,144.56
10337,P0004,Producto 46,4,2021-04-12,6.15,1042,Costa Rica,24.6
10878,P0025,Producto 25,4,2021-02-26,4.14,1085,Nicaragua,16.56
10052,P0003,Producto 17,8,2021-02-16,42.91,1022,El Salvador,343.28
10791,P0032,Producto 29,6,2021-06-08,9.37,1055,Guatemala,56.22
10921,P0003,Producto 8,3,2021-06-23,61.08,1018,Nicaragua,183.24
10216,P0027,Producto 15,5,2021-01-26,88.22,1081,Guatemala,441.1
10763,P0029,Producto 27,6,2021-04-24,88.41,1075,Costa Rica,530.46
10187,P0032,Producto 46,5,2021-01-05,66.25,1054,Costa Rica,331.25
10379,P0019,Producto 7,6,2021-03-25,21.91,1091,Nicaragua,131.46
10492,P0021,Producto 3,8,2021-02-21,86.44,1091,Guatemala,691.52
10040,P0005,Producto 29,7,2021-04-15,88.72,1059,Costa Rica,621.04
10156,P0018,Producto 44,5,2021-02-23,20.47,1058,El Salvador,102.35
10014,P0028,Producto 24,6,2021-06-10,74.01,1032,Honduras,444.06000000000006
10812,P0042,Producto 3,4,2021-06-27,29.37,1018,Honduras,117.48
10064,P0022,Producto 20,9,2021-06-15,80.46,1027,Costa Rica,724.14
10856,P0021,Producto 46,4,2021-06-04,99.73,1051,Guatemala,398.92
10838,P0006,Producto 15,1,2021-01-15,3.97,1048,Costa Rica,3.97
10520,P0001,Producto 25,7,2021-03-02,89.84,1036,Guatemala,628.88
10343,P0005,Producto 30,7,2021-05-02,62.64,1025,El Salvador,438.48
10128,P0041,Producto 14,4,2021-01-21,97.36,1098,Guatemala,389.44
10647,P0012,Producto 7,3,2021-02-15,47.04,1097,Costa Rica,141.12
10471,P0026,Producto 17,8,2021-05-14,84.89,1098,El Salvador,679.12
10062,P0046,Producto 44,5,2021-02-07,7.18,1039,Nicaragua,35.9
10138,P0034,Producto 20,7,2021-03-03,34.19,1079,Honduras,239.32999999999998
10498,P0049,Producto 36,4,2021-03-27,7.63,1037,Costa Rica,30.52
10592,P0014,Producto 9,4,2021-03-19,97.56,1076,Costa Rica,390.24
10391,P0026,Producto 38,8,2021-02-15,81.88,1086,Costa Rica,655.04
10674,P0045,Producto 48,8,2021-05-21,85.4,1053,El Salvador,683.2
10418,P0027,Producto 22,2,2021-01-03,93.86,1021,Nicaragua,187.72
10288,P0009,Producto 2,2,2021-01-06,9.43,1015,Guatemala,18.86
10378,P0026,Producto 24,3,2021-04-03,39.17,1027,Nicaragua,117.51
10772,P0047,Producto 8,3,2021-01-08,8.03,1034,El Salvador,24.089999999999996
10489,P0022,Producto 11,1,2021-06-21,21.87,1059,Costa Rica,21.87
10230,P0047,Producto 13,3,2021-04-18,23.71,1044,Honduras,71.13
10040,P0030,Producto 17,6,2021-06-10,47.44,1045,Costa Rica,284.64
10027,P0043,Producto 8,8,2021-03-16,27.59,1071,Guatemala,220.72
10134,P0048,Producto 21,6,2021-03-18,11.0,1054,Honduras,66.0
10200,P0017,Producto 18,5,2021-02-19,17.58,1085,Costa Rica,87.89999999999999
10839,P0026,Producto 30,4,2021-01-11,15.58,1084,Honduras,62.32
10779,P0036,Producto 18,3,2021-04-05,97.33,1025,Nicaragua,291.99
10929,P0001,Producto 46,4,2021-06-05,76.17,1084,El Salvador,304.68
10032,P0008,Producto 47,7,2021-03-11,96.81,1024,Costa Rica,677.6700000000001
10047,P0049,Producto 31,1,2021-06-18,44.53,1064,Guatemala,44.53
10502,P0035,Producto 38,7,2021-01-16,28.56,1005,Nicaragua,199.92
10406,P0015,Producto 32,1,2021-03-09,80.03,1022,Costa Rica,80.03
10573,P0047,Producto 11,2,2021-04-09,33.3,1063,Nicaragua,66.6
10727,P0022,Producto 45,4,2021-02-17,30.64,1086,Guatemala,122.56
10804,P0014,Producto 25,1,2021-03-05,24.02,1042,Costa Rica,24.02
10098,P0026,Producto 33,9,2021-03-31,13.84,1022,Guatemala,124.56
10683,P0028,Producto 38,6,2021-03-17,26.39,1095,Honduras,158.34
10871,P0023,Producto 41,1,2021-05-19,36.18,1029,Guatemala,36.18
10725,P0014,Producto 8,1,2021-04-11,67.73,1076,Honduras,67.73
10986,P0024,Producto 11,6,2021-03-30,7.19,1017,Costa Rica,43.14
10546,P0002,Producto 22,4,2021-01-18,21.84,1086,Honduras,87.36
10960,P0045,Producto 24,4,2021-01-19,81.09,1078,Costa Rica,324.36
10738,P0026,Producto 41,6,2021-02-24,15.55,1096,Costa Rica,93.30000000000001
10612,P0014,Producto 17,7,2021-04-12,34.92,1020,El Salvador,244.44
10942,P0007,Producto 12,9,2021-04-28,86.6,1056,Costa Rica,779.4
10461,P0003,Producto 46,5,2021-06-03,16.34,1022,Honduras,81.7
10642,P0047,Producto 32,9,2021-05-14,9.19,1090,El Salvador,82.71
10768,P0023,Producto 15,4,2021-01-04,48.97,1044,El Salvador,195.88
10004,P0046,Producto 16,2,2021-04-18,30.94,1043,Costa Rica,61.88
10217,P0043,Producto 22,3,2021-04-25,56.78,1081,Guatemala,170.34
10502,P0047,Producto 28,1,2021-01-29,80.58,1087,Guatemala,80.58
10766,P0045,Producto 20,6,2021-02-28,14.58,1046,El Salvador,87.48
10397,P0018,Producto 33,6,2021-05-05,58.49,1039,Costa Rica,350.94
10870,P0038,Producto 10,1,2021-04-08,51.05,1050,Guatemala,51.05
10794,P0035,Producto 40,3,2021-01-17,15.26,1041,Costa Rica,45.78
10392,P0015,Producto 32,5,2021-04-17,62.78,1006,Costa Rica,313.9
10206,P0025,Producto 33,3,2021-02-12,28.09,1049,El Salvador,84.27
10014,P0037,Producto 2,3,2021-03-21,49.3,1047,El Salvador,147.89999999999998
10857,P0028,Producto 33,3,2021-06-11,9.14,1083,Nicaragua,27.42
10553,P0010,Producto 33,5,2021-01-08,46.5,1090,Guatemala,232.5
10891,P0039,Producto 41,5,2021-05-21,31.34,1005,Guatemala,156.7
10460,P0017,Producto 13,4,2021-04-16,82.42,1090,Guatemala,329.68
10690,P0039,Producto 30,1,2021-01-08,6.64,1008,Honduras,6.64
10574,P0022,Producto 33,5,2021-04-06,42.44,1056,Costa Rica,212.2
10863,P0026,Producto 13,5,2021-04-04,46.38,1030,El Salvador,231.9
10742,P0044,Producto 26,4,2021-03-06,72.78,1020,Guatemala,291.12
10240,P0025,Producto 22,6,2021-06-20,57.85,1089,Nicaragua,347.1
10563,P0017,Producto 39,4,2021-02-08,67.05,1039,Guatemala,268.2
10095,P0013,Producto 2,7,2021-03-22,77.93,1044,Costa Rica,545.51
10899,P0020,Producto 38,7,2021-03-25,86.36,1076,Costa Rica,604.52
10733,P0025,Producto 39,2,2021-03-29,32.07,1048,El Salvador,64.14
10484,P0004,Producto 26,3,2021-03-27,54.26,1086,Honduras,162.78
10406,P0010,Producto 46,1,2021-04-03,84.17,1019,El Salvador,84.17
10230,P0003,Producto 15,8,2021-03-27,98.96,1091,Guatemala,791.68
10748,P0041,Producto 34,9,2021-02-13,89.06,1016,Nicaragua,801.54
10654,P0045,Producto 42,4,2021-05-17,37.78,1027,El Salvador,151.12
10170,P0018,Producto 44,6,2021-06-14,20.32,1040,Honduras,121.92
10540,P0047,Producto 49,9,2021-03-15,49.45,1065,El Salvador,445.05
10035,P0036,Producto 40,6,2021-02-05,74.42,1024,Costa Rica,446.52
10524,P0047,Producto 11,9,2021-04-11,49.76,1057,Guatemala,447.84
10159,P0022,Producto 3,4,2021-06-05,48.83,1040,Guatemala,195.32
10838,P0034,Producto 6,8,2021-06-19,83.98,1005,Guatemala,671.84
10698,P0047,Producto 9,9,2021-06-20,36.78,1074,Guatemala,331.02
10242,P0008,Producto 6,4,2021-06-19,86.12,1037,Guatemala,344.48
10085,P0040,Producto 9,5,2021-04-14,41.27,1005,Guatemala,206.35000000000002
10795,P0049,Producto 39,8,2021-03-07,33.5,1044,Nicaragua,268.0
10577,P0044,Producto 31,6,2021-02-24,45.95,1074,Honduras,275.70000000000005
10681,P0019,Producto 32,7,2021-06-25,76.48,1013,Guatemala,535.36
10556,P0042,Producto 41,3,2021-04-01,13.47,1065,Honduras,40.410000000000004
10573,P0041,Producto 12,7,2021-01-22,20.45,1039,Guatemala,143.15
10952,P0037,Producto 8,8,2021-04-11,95.19,1002,El Salvador,761.52
10645,P0006,Producto 8,6,2021-06-04,18.37,1098,Guatemala,110.22
10795,P0026,Producto 28,9,2021-05-01,57.21,1096,Costa Rica,514.89
10027,P0034,Producto 20,6,2021-04-03,58.35,1023,Nicaragua,350.1
10619,P0045,Producto 47,9,2021-04-18,49.47,1018,El Salvador,445.23
10555,P0006,Producto 7,4,2021-05-21,64.83,1017,El Salvador,259.32
10339,P0037,Producto 11,8,2021-06-22,23.75,1063,Costa Rica,190.0
10797,P0033,Producto 20,4,2021-01-10,55.71,1087,Guatemala,222.84
10957,P0022,Producto 16,2,2021-01-09,37.85,1034,Nicaragua,75.7
10330,P0021,Producto 4,9,2021-06-04,66.51,1061,El Salvador,598.59
10639,P0006,Producto 6,5,2021-02-03,14.98,1000,Nicaragua,74.9
10505,P0006,Producto 22,4,2021-05-09,57.52,1099,El Salvador,230.08
10347,P0048,Producto 26,2,2021-06-09,19.34,1024,Guatemala,38.68
10472,P0004,Producto 3,1,2021-03-30,28.59,1044,El Salvador,28.59
10230,P0030,Producto 41,7,2021-04-03,22.65,1048,El Salvador,158.54999999999998
10189,P0011,Producto 42,6,2021-03-12,19.1,1097,Honduras,114.60000000000001
10224,P0030,Producto 14,2,2021-03-08,82.75,1088,Guatemala,165.5
10384,P0031,Producto 11,8,2021-05-28,29.29,1015,Costa Rica,234.32
10376,P0024,Producto 18,4,2021-04-27,92.79,1097,Costa Rica,371.16
10282,P0009,Producto 12,8,2021-04-04,97.02,1092,Guatemala,776.16
10957,P0003,Producto 23,7,2021-06-12,57.55,1018,Costa Rica,402.84999999999997
10632,P0031,Producto 12,5,2021-04-09,15.16,1022,Guatemala,75.8
10627,P0040,Producto 13,8,2021-04-23,38.08,1082,Costa Rica,304.64
10972,P0037,Producto 25,9,2021-04-13,79.98,1024,Honduras,719.82
10744,P0036,Producto 45,5,2021-04-01,37.37,1015,Costa Rica,186.85
10258,P0024,Producto 19,5,2021-03-31,9.61,1053,El Salvador,48.05
10358,P0031,Producto 46,2,2021-01-17,56.12,1072,Guatemala,112.24
10709,P0006,Producto 36,5,2021-01-18,84.67,1000,Nicaragua,423.35
10455,P0002,Producto 45,3,2021-06-22,79.8,1041,Nicaragua,239.39999999999998
10410,P0020,Producto 8,7,2021-04-26,18.34,1018,Guatemala,128.38
10648,P0028,Producto 29,5,2021-04-03,67.6,1096,Honduras,338.0
10317,P0011,Producto 32,8,2021-04-01,22.83,1033,Costa Rica,182.64
10676,P0004,Producto 44,1,2021-03-23,22.6,1079,Honduras,22.6
10224,P0015,Producto 18,3,2021-03-09,87.53,1054,Nicaragua,262.59000000000003
10818,P0006,Producto 6,3,2021-04-24,25.72,1017,Guatemala,77.16
10233,P0049,Producto 18,9,2021-01-01,27.06,1033,Guatemala,243.54
10683,P0030,Producto 19,5,2021-02-27,1.06,1088,Honduras,5.300000000000001
10663,P0038,Producto 22,9,2021-06-03,87.2,1044,Honduras,784.8000000000001
10974,P0002,Producto 37,9,2021-04-19,79.47,1005,Costa Rica,715.23
10826,P0015,Producto 32,1,2021-05-28,63.11,1020,El Salvador,63.11
10373,P0011,Producto 41,2,2021-04-26,75.28,1069,El Salvador,150.56
10671,P0008,Producto 3,5,2021-03-28,16.05,1095,Costa Rica,80.25
10607,P0026,Producto 28,4,2021-01-10,46.37,1047,El Salvador,185.48
10471,P0045,Producto 10,9,2021-02-28,35.77,1038,Nicaragua,321.93
10232,P0044,Producto 35,7,2021-02-10,10.28,1030,El Salvador,71.96
10691,P0005,Producto 29,6,2021-04-15,49.13,1009,Costa Rica,294.78000000000003
10112,P0006,Producto 15,7,2021-05-13,92.15,1029,El Salvador,645.0500000000001
10829,P0026,Producto 33,1,2021-05-02,4.97,1017,Guatemala,4.97
10496,P0004,Producto 7,1,2021-05-25,29.85,1059,Honduras,29.85
10441,P0019,Producto 12,8,2021-01-22,21.55,1087,Nicaragua,172.4
10563,P0020,Producto 49,2,2021-04-08,24.58,1072,Guatemala,49.16
10267,P0033,Producto 30,9,2021-06-18,90.94,1094,Guatemala,818.46
10509,P0020,Producto 21,7,2021-03-09,47.34,1014,Costa Rica,331.38
10806,P0049,Producto 31,6,2021-05-19,47.16,1003,Honduras,282.96
10385,P0012,Producto 24,1,2021-02-25,76.3,1062,Honduras,76.3
10386,P0047,Producto 20,1,2021-06-28,16.29,1039,Nicaragua,16.29
10112,P0001,Producto 37,2,2021-05-29,49.24,1008,Costa Rica,98.48
10612,P0026,Producto 4,6,2021-04-09,43.57,1008,Nicaragua,261.42
10624,P0014,Producto 28,6,2021-03-17,60.09,1025,El Salvador,360.54
10951,P0038,Producto 44,2,2021-01-26,99.96,1003,Guatemala,199.92
10080,P0037,Producto 20,1,2021-04-25,77.18,1080,Nicaragua,77.18
10698,P0011,Producto 24,5,2021-05-27,40.39,1015,Guatemala,201.95
10112,P0036,Producto 49,5,2021-04-19,82.93,1014,Costa Rica,414.65000000000003
10001,P0013,Producto 32,2,2021-02-16,17.9,1098,El Salvador,35.8
10641,P0043,Producto 41,6,2021-03-12,4.02,1051,Costa Rica,24.119999999999997
10219,P0003,Producto 36,9,2021-06-03,21.24,1068,El Salvador,191.16
10565,P0033,Producto 34,2,2021-02-09,34.7,1004,El Salvador,69.4
10854,P0006,Producto 36,2,2021-05-13,51.55,1019,Guatemala,103.1
10996,P0010,Producto 2,3,2021-05-29,61.9,1078,Costa Rica,185.7
10735,P0005,Producto 15,7,2021-05-12,91.15,1017,Costa Rica,638.0500000000001
10224,P0023,Producto 34,6,2021-01-23,51.48,1001,Nicaragua,308.88
10384,P0010,Producto 36,8,2021-04-16,50.63,1092,Costa Rica,405.04
10402,P0044,Producto 6,8,2021-03-25,5.97,1012,Nicaragua,47.76
10637,P0002,Producto 39,6,2021-05-23,4.46,1003,Honduras,26.759999999999998
10129,P0013,Producto 42,3,2021-04-26,55.56,1041,Honduras,166.68
10052,P0040,Producto 12,3,2021-04-19,44.38,1073,Honduras,133.14000000000001
10683,P0002,Producto 3,1,2021-05-16,84.08,1060,Costa Rica,84.08
10729,P0020,Producto 45,7,2021-02-10,16.91,1094,Costa Rica,118.37
10671,P0001,Producto 18,5,2021-04-22,3.47,1007,Nicaragua,17.35
10709,P0037,Producto 40,4,2021-05-27,45.45,1066,El Salvador,181.8
10415,P0009,Producto 21,4,2021-04-22,24.51,1062,Nicaragua,98.04
10246,P0017,Producto 15,4,2021-04-13,5.91,1008,Honduras,23.64
10835,P0009,Producto 33,6,2021-02-15,72.74,1093,Nicaragua,436.43999999999994
10438,P0011,Producto 35,8,2021-06-05,12.05,1010,El Salvador,96.4
10202,P0015,Producto 26,8,2021-03-09,61.22,1098,Costa Rica,489.76
10183,P0024,Producto 8,5,2021-05-02,28.82,1041,Nicaragua,144.1
10122,P0038,Producto 36,6,2021-01-15,18.18,1012,Honduras,109.08
10400,P0035,Producto 48,4,2021-06-14,38.6,1035,Honduras,154.4
10766,P0030,Producto 30,9,2021-05-09,80.34,1012,Costa Rica,723.0600000000001
10293,P0031,Producto 23,8,2021-04-21,39.82,1011,Nicaragua,318.56
10279,P0049,Producto 42,1,2021-01-24,75.33,1036,El Salvador,75.33
10836,P0005,Producto 44,2,2021-01-27,13.42,1073,Costa Rica,26.84
10883,P0044,Producto 14,9,2021-02-09,77.5,1072,Nicaragua,697.5
10609,P0014,Producto 14,8,2021-06-13,24.46,1051,Guatemala,195.68
10197,P0011,Producto 2,3,2021-01-24,68.06,1070,Honduras,204.18
10981,P0009,Producto 37,8,2021-01-24,57.01,1001,El Salvador,456.08
10906,P0034,Producto 5,1,2021-01-04,92.99,1055,El Salvador,92.99
10510,P0012,Producto 38,4,2021-03-08,39.34,1059,El Salvador,157.36
10751,P0035,Producto 45,3,2021-02-03,7.55,1022,Honduras,22.65
10143,P0035,Producto 41,6,2021-06-26,2.9,1039,Nicaragua,17.4
10608,P0001,Producto 47,7,2021-04-26,82.86,1063,Costa Rica,580.02
10200,P0040,Producto 14,4,2021-01-23,52.95,1084,Nicaragua,211.8
10123,P0022,Producto 39,7,2021-04-19,77.75,1022,Costa Rica,544.25
10186,P0029,Producto 25,9,2021-03-10,24.21,1028,El Salvador,217.89000000000001
10325,P0008,Producto 20,2,2021-04-05,35.16,1077,Nicaragua,70.32
10463,P0011,Producto 2,3,2021-03-03,3.98,1089,El Salvador,11.94
10348,P0041,Producto 39,5,2021-06-18,96.19,1050,Guatemala,480.95
10770,P0037,Producto 6,3,2021-02-26,67.12,1068,El Salvador,201.36
10659,P0014,Producto 17,8,2021-02-23,93.39,1094,El Salvador,747.12
10763,P0030,Producto 25,8,2021-03-11,27.28,1088,Costa Rica,218.24
10954,P0035,Producto 28,8,2021-04-11,61.53,1030,Guatemala,492.24
10931,P0021,Producto 2,9,2021-02-26,68.17,1049,El Salvador,613.53
10402,P0037,Producto 35,4,2021-05-18,32.44,1019,El Salvador,129.76
10345,P0005,Producto 37,5,2021-06-17,84.96,1054,Guatemala,424.79999999999995
10962,P0019,Producto 5,5,2021-05-15,94.77,1080,Guatemala,473.84999999999997
10510,P0014,Producto 1,8,2021-04-13,88.6,1001,Nicaragua,708.8
10146,P0026,Producto 40,7,2021-06-15,74.17,1024,Costa Rica,519.19
10147,P0004,Producto 12,9,2021-03-26,28.47,1012,Guatemala,256.23
10863,P0025,Producto 36,8,2021-03-02,28.88,1091,Guatemala,231.04
10710,P0045,Producto 45,2,2021-01-03,96.37,1069,Honduras,192.74
10819,P0042,Producto 23,4,2021-05-08,2.02,1066,Guatemala,8.08
10488,P0025,Producto 47,6,2021-06-28,71.89,1057,Costa Rica,431.34000000000003
10928,P0018,Producto 31,2,2021-03-27,70.92,1098,El Salvador,141.84
10935,P0040,Producto 11,7,2021-02-16,62.65,1081,El Salvador,438.55
10639,P0008,Producto 10,3,2021-03-17,99.02,1074,El Salvador,297.06
10550,P0039,Producto 3,3,2021-02-07,31.88,1083,El Salvador,95.64
10337,P0040,Producto 14,2,2021-06-13,34.66,1063,Honduras,69.32
10871,P0014,Producto 16,8,2021-06-18,8.82,1068,Guatemala,70.56
10640,P0032,Producto 10,6,2021-05-21,44.84,1082,El Salvador,269.04
10778,P0038,Producto 29,1,2021-03-28,26.84,1085,Nicaragua,26.84
10987,P0033,Producto 10,1,2021-02-27,35.0,1058,El Salvador,35.0
10952,P0023,Producto 12,7,2021-02-19,83.62,1059,Guatemala,585.34
10472,P0015,Producto 30,8,2021-01-30,93.61,1082,El Salvador,748.88
10945,P0033,Producto 41,5,2021-04-11,19.39,1061,Honduras,96.95
10150,P0025,Producto 1,5,2021-01-25,37.88,1015,Costa Rica,189.4
10414,P0017,Producto 5,4,2021-04-22,92.93,1087,Costa Rica,371.72
10989,P0033,Producto 20,6,2021-06-04,7.12,1067,Guatemala,42.72
10297,P0047,Producto 8,6,2021-06-28,10.14,1014,Costa Rica,60.84
10610,P0002,Producto 43,3,2021-05-06,17.12,1088,Costa Rica,51.36
10262,P0014,Producto 12,9,2021-05-03,59.93,1054,Nicaragua,539.37
10763,P0040,Producto 1,7,2021-02-16,15.9,1034,Guatemala,111.3
10143,P0040,Producto 20,1,2021-04-28,96.84,1054,Guatemala,96.84
10345,P0039,Producto 28,7,2021-02-08,45.22,1013,Costa Rica,316.53999999999996
10623,P0006,Producto 43,5,2021-01-16,50.65,1048,Costa Rica,253.25
10571,P0006,Producto 37,5,2021-01-22,25.42,1082,Costa Rica,127.10000000000001
10880,P0003,Producto 47,2,2021-02-23,47.63,1099,Honduras,95.26
10001,P0007,Producto 37,4,2021-05-29,66.53,1006,El Salvador,266.12
10896,P0008,Producto 12,6,2021-01-16,75.37,1029,Honduras,452.22
10303,P0042,Producto 37,7,2021-02-28,75.63,1082,Guatemala,529.41
10253,P0015,Producto 49,5,2021-01-31,58.21,1048,Nicaragua,291.05
10651,P0047,Producto 49,9,2021-06-19,90.53,1088,El Salvador,814.77
10452,P0029,Producto 44,3,2021-02-01,81.92,1015,Nicaragua,245.76
10036,P0033,Producto 28,1,2021-06-11,75.95,1050,Guatemala,75.95
10159,P0030,Producto 47,4,2021-01-09,6.5,1071,Guatemala,26.0
10008,P0039,Producto 15,9,2021-05-19,1.68,1081,Nicaragua,15.12
10232,P0027,Producto 6,4,2021-01-10,22.03,1091,Nicaragua,88.12
10098,P0036,Producto 44,2,2021-01-17,66.69,1079,Nicaragua,133.38
10658,P0029,Producto 20,5,2021-03-09,41.71,1082,Guatemala,208.55
10815,P0038,Producto 14,3,2021-02-17,40.84,1041,Costa Rica,122.52000000000001
10207,P0033,Producto 2,9,2021-06-29,88.57,1016,Nicaragua,797.1299999999999
10130,P0037,Producto 9,4,2021-04-21,89.66,1062,El Salvador,358.64
10403,P0027,Producto 37,6,2021-06-02,91.01,1044,Guatemala,546.0600000000001
10151,P0033,Producto 20,2,2021-05-03,32.07,1076,Honduras,64.14
10053,P0004,Producto 26,6,2021-05-29,69.41,1006,Honduras,416.46
10119,P0022,Producto 29,3,2021-04-11,27.89,1026,El Salvador,83.67
10672,P0002,Producto 1,9,2021-04-12,19.87,1009,Costa Rica,178.83
10919,P0010,Producto 35,2,2021-03-06,19.28,1033,Nicaragua,38.56
10627,P0005,Producto 6,9,2021-02-20,34.87,1035,Guatemala,313.83
10586,P0010,Producto 37,5,2021-02-05,43.57,1024,Nicaragua,217.85
10624,P0033,Producto 5,8,2021-03-22,83.26,1005,Guatemala,666.08
10967,P0038,Producto 33,2,2021-05-07,12.87,1023,Honduras,25.74
10419,P0013,Producto 49,6,2021-03-29,73.76,1017,Nicaragua,442.56000000000006
10421,P0031,Producto 14,3,2021-04-14,53.61,1086,El Salvador,160.82999999999998
10103,P0047,Producto 12,5,2021-01-15,29.51,1005,Costa Rica,147.55
10851,P0036,Producto 42,8,2021-04-06,49.79,1028,El Salvador,398.32
10253,P0045,Producto 20,1,2021-06-16,30.69,1024,Costa Rica,30.69
10226,P0024,Producto 24,5,2021-05-03,60.01,1054,Nicaragua,300.05
10111,P0015,Producto 43,3,2021-01-01,43.95,1080,Nicaragua,131.85000000000002
10509,P0029,Producto 34,4,2021-05-31,17.28,1045,Costa Rica,69.12
10472,P0008,Producto 25,2,2021-05-02,12.54,1023,Honduras,25.08
10098,P0005,Producto 29,9,2021-06-16,55.12,1074,Guatemala,496.08
10152,P0029,Producto 39,3,2021-05-06,90.34,1025,El Salvador,271.02
10860,P0047,Producto 31,2,2021-02-26,35.05,1097,El Salvador,70.1
10913,P0004,Producto 47,9,2021-03-22,73.57,1027,El Salvador,662.1299999999999
10895,P0012,Producto 43,7,2021-06-11,66.21,1002,Nicaragua,463.46999999999997
10877,P0045,Producto 23,6,2021-06-18,93.22,1074,El Salvador,559.3199999999999
10337,P0002,Producto 44,1,2021-03-14,82.28,1037,Guatemala,82.28
10705,P0027,Producto 38,5,2021-05-21,57.09,1060,Guatemala,285.45000000000005
10821,P0031,Producto 20,3,2021-03-11,66.05,1077,Costa Rica,198.14999999999998
10162,P0036,Producto 23,1,2021-01-06,89.94,1050,Nicaragua,89.94
10719,P0036,Producto 45,4,2021-03-25,40.55,1089,Guatemala,162.2
10956,P0026,Producto 16,2,2021-02-21,33.35,1047,Honduras,66.7
10680,P0043,Producto 42,2,2021-01-03,2.07,1020,Nicaragua,4.14
10995,P0027,Producto 8,3,2021-03-22,82.83,1053,Nicaragua,248.49
10160,P0005,Producto 21,8,2021-03-04,80.3,1055,Guatemala,642.4
10579,P0020,Producto 1,8,2021-02-18,11.34,1093,Honduras,90.72
10800,P0011,Producto 8,7,2021-03-17,58.11,1058,Costa Rica,406.77
10397,P0010,Producto 29,6,2021-04-22,46.93,1071,Guatemala,281.58
10276,P0040,Producto 32,9,2021-06-24,12.75,1050,Honduras,114.75
10815,P0038,Producto 38,4,2021-04-19,98.08,1019,Nicaragua,392.32
10915,P0006,Producto 5,1,2021-03-06,22.25,1095,Honduras,22.25
10503,P0008,Producto 47,8,2021-03-22,7.66,1085,Nicaragua,61.28
10895,P0023,Producto 22,7,2021-01-15,59.89,1058,Guatemala,419.23
10391,P0047,Producto 47,7,2021-04-10,74.15,1070,Guatemala,519.0500000000001
10134,P0026,Producto 34,3,2021-02-01,4.21,1008,El Salvador,12.629999999999999
10194,P0046,Producto 1,4,2021-04-06,66.21,1000,El Salvador,264.84
10400,P0043,Producto 26,9,2021-05-08,53.7,1028,El Salvador,483.3
10639,P0012,Producto 43,6,2021-05-26,11.22,1062,Guatemala,67.32000000000001
10032,P0026,Producto 10,5,2021-04-23,18.08,1071,Costa Rica,90.39999999999999
10687,P0013,Producto 30,3,2021-03-24,57.23,1055,Guatemala,171.69
10459,P0040,Producto 18,9,2021-02-12,30.34,1067,Honduras,273.06
10954,P0018,Producto 17,5,2021-04-26,93.89,1034,Guatemala,469.45
10882,P0025,Producto 26,5,2021-06-12,82.06,1002,Guatemala,410.3
10469,P0033,Producto 8,4,2021-03-19,98.37,1006,Nicaragua,393.48
10374,P0047,Producto 47,4,2021-02-27,26.71,1026,Nicaragua,106.84
10021,P0040,Producto 40,1,2021-02-02,97.0,1000,Nicaragua,97.0
10749,P0043,Producto 49,7,2021-01-14,43.69,1090,Guatemala,305.83
10669,P0012,Producto 12,9,2021-06-11,35.4,1079,Costa Rica,318.59999999999997
10037,P0044,Producto 27,3,2021-05-12,5.98,1070,Honduras,17.94
10229,P0036,Producto 8,2,2021-02-28,6.22,1043,Honduras,12.44
10364,P0048,Producto 25,3,2021-06-06,69.51,1086,Costa Rica,208.53000000000003
10562,P0004,Producto 46,1,2021-03-24,46.33,1040,Costa Rica,46.33
10437,P0005,Producto 4,6,2021-05-14,23.43,1074,Honduras,140.57999999999998
10775,P0037,Producto 33,7,2021-05-01,61.78,1041,El Salvador,432.46000000000004
10282,P0008,Producto 1,2,2021-06-26,26.03,1032,Nicaragua,52.06
10026,P0042,Producto 19,8,2021-06-17,58.19,1049,Nicaragua,465.52
10225,P0049,Producto 31,6,2021-03-24,36.56,1062,Honduras,219.36
10276,P0028,Producto 16,4,2021-01-27,82.53,1099,Costa Rica,330.12
10797,P0031,Producto 14,5,2021-03-21,82.25,1036,El Salvador,411.25
10608,P0009,Producto 48,8,2021-05-14,48.26,1058,Honduras,386.08
10283,P0029,Producto 5,3,2021-01-13,35.73,1080,Nicaragua,107.19
10878,P0014,Producto 41,3,2021-03-05,36.89,1098,Guatemala,110.67
10959,P0040,Producto 26,4,2021-05-27,80.77,1047,Costa Rica,323.08
10480,P0041,Producto 28,1,2021-03-21,33.49,1004,Guatemala,33.49
10452,P0022,Producto 2,9,2021-05-03,21.7,1047,Honduras,195.29999999999998
10828,P0011,Producto 6,8,2021-02-12,9.38,1095,Nicaragua,75.04
10815,P0023,Producto 9,8,2021-03-30,47.2,1002,El Salvador,377.6
10658,P0001,Producto 33,6,2021-05-28,48.73,1046,Guatemala,292.38
10515,P0046,Producto 41,7,2021-04-05,84.25,1061,El Salvador,589.75
10546,P0037,Producto 25,6,2021-06-21,22.9,1098,Nicaragua,137.39999999999998
10191,P0021,Producto 48,9,2021-05-31,38.72,1013,Guatemala,348.48
10048,P0026,Producto 13,3,2021-01-02,81.03,1062,El Salvador,243.09
10511,P0046,Producto 9,3,2021-04-30,82.54,1060,El Salvador,247.62
10016,P0036,Producto 13,3,2021-01-22,39.08,1030,Guatemala,117.24
10171,P0023,Producto 31,3,2021-04-25,46.45,1094,Nicaragua,139.35000000000002
10219,P0001,Producto 41,9,2021-02-26,31.03,1016,El Salvador,279.27
10157,P0040,Producto 11,4,2021-03-13,93.32,1023,Honduras,373.28
10476,P0015,Producto 4,7,2021-01-07,12.75,1022,Guatemala,89.25
10045,P0021,Producto 34,9,2021-04-29,93.44,1081,Costa Rica,840.96
10372,P0047,Producto 38,7,2021-04-24,68.7,1049,Costa Rica,480.90000000000003
10517,P0009,Producto 46,9,2021-01-16,53.63,1077,Nicaragua,482.67
10098,P0009,Producto 4,3,2021-03-24,4.23,1078,Honduras,12.690000000000001
10891,P0010,Producto 38,4,2021-06-28,48.08,1078,El Salvador,192.32
10744,P0026,Producto 19,8,2021-03-13,41.37,1069,Costa Rica,330.96
10036,P0041,Producto 6,6,2021-05-04,16.96,1026,Nicaragua,101.76
10279,P0035,Producto 34,5,2021-04-23,65.98,1014,Honduras,329.90000000000003
10348,P0025,Producto 18,4,2021-01-12,97.14,1049,Honduras,388.56
10496,P0026,Producto 13,8,2021-05-06,56.66,1035,Nicaragua,453.28
10301,P0011,Producto 41,1,2021-02-22,71.76,1007,Nicaragua,71.76
10180,P0038,Producto 23,9,2021-03-16,7.78,1078,El Salvador,70.02
10606,P0002,Producto 19,1,2021-05-13,42.35,1002,Nicaragua,42.35
10098,P0007,Producto 45,8,2021-01-27,12.52,1061,El Salvador,100.16
10699,P0018,Producto 11,4,2021-05-20,61.67,1046,El Salvador,246.68
10992,P0027,Producto 1,9,2021-05-25,93.91,1076,Guatemala,845.1899999999999
10115,P0034,Producto 24,5,2021-05-14,66.52,1097,Honduras,332.59999999999997
10190,P0027,Producto 7,3,2021-04-07,8.6,1087,Honduras,25.799999999999997
10252,P0017,Producto 25,9,2021-01-05,36.11,1095,Honduras,324.99
10980,P0043,Producto 21,9,2021-02-26,55.52,1060,Guatemala,499.68
10927,P0044,Producto 15,4,2021-06-05,40.92,1031,El Salvador,163.68
10982,P0024,Producto 1,4,2021-03-19,83.53,1093,El Salvador,334.12
10160,P0025,Producto 12,8,2021-03-10,81.65,1012,Nicaragua,653.2
10255,P0007,Producto 7,2,2021-04-28,61.57,1000,Guatemala,123.14
10322,P0006,Producto 15,9,2021-04-30,37.97,1033,Nicaragua,341.73
10127,P0024,Producto 21,6,2021-02-28,26.28,1061,Guatemala,157.68
10017,P0033,Producto 19,9,2021-02-02,11.48,1078,Nicaragua,103.32000000000001
10792,P0049,Producto 29,8,2021-03-03,36.13,1077,Costa Rica,289.04
10734,P0029,Producto 25,7,2021-02-19,41.9,1092,Honduras,293.3
10565,P0043,Producto 33,1,2021-04-22,67.91,1097,Honduras,67.91
10569,P0022,Producto 49,3,2021-01-19,66.16,1081,El Salvador,198.48
10322,P0026,Producto 32,2,2021-05-03,7.94,1070,Costa Rica,15.88
10871,P0028,Producto 49,5,2021-02-16,40.13,1092,Honduras,200.65
10685,P0021,Producto 35,5,2021-06-16,19.0,1030,El Salvador,95.0
10791,P0049,Producto 44,5,2021-02-02,16.52,1063,Costa Rica,82.6
10625,P0007,Producto 38,4,2021-05-21,82.9,1024,Honduras,331.6
10287,P0017,Producto 26,5,2021-03-25,5.15,1037,Nicaragua,25.75
10942,P0020,Producto 11,3,2021-05-15,42.5,1013,Guatemala,127.5
10853,P0041,Producto 35,1,2021-03-20,17.65,1007,Costa Rica,17.65
10662,P0049,Producto 8,5,2021-01-14,88.05,1090,El Salvador,440.25
10961,P0020,Producto 46,9,2021-05-27,56.15,1053,Costa Rica,505.34999999999997
10638,P0022,Producto 14,9,2021-05-08,23.91,1001,El Salvador,215.19
10154,P0028,Producto 10,4,2021-02-23,50.74,1080,Costa Rica,202.96
10489,P0040,Producto 2,3,2021-05-28,73.42,1077,El Salvador,220.26
10385,P0049,Producto 46,1,2021-01-29,95.85,1088,Honduras,95.85
10985,P0007,Producto 9,2,2021-01-24,22.82,1055,Nicaragua,45.64
10784,P0001,Producto 3,8,2021-03-23,88.73,1093,Honduras,709.84
10103,P0032,Producto 21,1,2021-03-04,93.5,1092,Nicaragua,93.5
10928,P0013,Producto 26,8,2021-04-15,91.73,1083,Honduras,733.84
10392,P0030,Producto 8,7,2021-02-26,63.91,1084,Honduras,447.37
10810,P0023,Producto 48,8,2021-05-16,63.35,1060,Costa Rica,506.8
10245,P0019,Producto 2,6,2021-03-03,40.92,1021,Guatemala,245.52
10175,P0032,Producto 6,9,2021-06-06,75.49,1034,El Salvador,679.41
10038,P0030,Producto 28,3,2021-01-17,53.6,1015,El Salvador,160.8
10476,P0029,Producto 29,4,2021-03-07,68.07,1049,El Salvador,272.28
10681,P0049,Producto 26,6,2021-01-06,43.42,1042,Nicaragua,260.52
10758,P0045,Producto 25,8,2021-02-27,73.42,1016,El Salvador,587.36
10537,P0029,Producto 12,5,2021-03-10,82.62,1079,El Salvador,413.1
10866,P0030,Producto 5,3,2021-06-05,15.5,1057,Costa Rica,46.5
10817,P0016,Producto 34,6,2021-03-03,83.46,1001,Honduras,500.76
10920,P0040,Producto 48,4,2021-06-18,54.49,1003,El Salvador,217.96
10407,P0019,Producto 37,9,2021-03-23,84.62,1084,Guatemala,761.58
10524,P0018,Producto 15,3,2021-06-18,43.7,1038,El Salvador,131.10000000000002
10827,P0001,Producto 44,4,2021-06-26,38.53,1097,Nicaragua,154.12
10505,P0014,Producto 36,7,2021-06-26,91.59,1093,Nicaragua,641.13
10902,P0047,Producto 15,7,2021-03-12,25.87,1005,Nicaragua,181.09
10824,P0002,Producto 43,4,2021-05-11,84.58,1080,El Salvador,338.32
10035,P0028,Producto 48,6,2021-01-10,48.92,1088,Costa Rica,293.52
10684,P0049,Producto 23,3,2021-04-08,51.9,1068,Guatemala,155.7
10019,P0030,Producto 6,6,2021-03-30,31.54,1068,El Salvador,189.24
10320,P0038,Producto 46,2,2021-02-04,57.73,1019,Costa Rica,115.46
10775,P0004,Producto 44,8,2021-01-02,33.2,1063,Costa Rica,265.6
10511,P0001,Producto 43,2,2021-05-04,4.89,1015,El Salvador,9.78
10399,P0008,Producto 45,7,2021-01-24,27.93,1050,El Salvador,195.51
10653,P0029,Producto 21,9,2021-03-15,1.63,1036,Costa Rica,14.669999999999998
10971,P0039,Producto 23,1,2021-06-15,97.86,1072,Costa Rica,97.86
10882,P0003,Producto 43,8,2021-01-22,96.61,1068,Costa Rica,772.88
10470,P0032,Producto 16,7,2021-06-03,40.12,1041,El Salvador,280.84
10142,P0010,Producto 47,6,2021-06-20,73.11,1056,Costa Rica,438.65999999999997
10091,P0010,Producto 15,6,2021-02-08,35.23,1065,Nicaragua,211.38
10353,P0019,Producto 25,6,2021-06-06,67.44,1008,El Salvador,404.64
10833,P0046,Producto 36,9,2021-01-20,80.74,1099,Nicaragua,726.66
10799,P0034,Producto 11,2,2021-02-10,94.73,1085,Honduras,189.46
10726,P0033,Producto 15,1,2021-05-28,40.62,1063,El Salvador,40.62
10958,P0023,Producto 4,6,2021-04-18,78.55,1085,Honduras,471.29999999999995
10853,P0028,Producto 21,8,2021-05-27,27.33,1021,Costa Rica,218.64
10050,P0032,Producto 13,3,2021-03-25,99.04,1033,Costa Rica,297.12
10664,P0007,Producto 22,1,2021-04-21,3.55,1054,Guatemala,3.55
10697,P0029,Producto 19,9,2021-03-07,60.75,1028,Costa Rica,546.75
10574,P0008,Producto 34,1,2021-06-07,66.29,1037,Honduras,66.29
10189,P0001,Producto 14,3,2021-02-22,69.12,1096,Costa Rica,207.36
10124,P0003,Producto 4,8,2021-02-03,12.92,1017,El Salvador,103.36
10149,P0024,Producto 48,3,2021-05-30,93.91,1070,Costa Rica,281.73
10313,P0023,Producto 46,4,2021-03-08,18.94,1064,Guatemala,75.76
10569,P0008,Producto 27,8,2021-05-14,62.65,1096,Costa Rica,501.2
10341,P0047,Producto 29,1,2021-01-27,23.04,1000,Honduras,23.04
10304,P0037,Producto 47,6,2021-01-10,31.41,1087,Honduras,188.46
10691,P0003,Producto 28,1,2021-03-14,55.1,1003,Costa Rica,55.1
10681,P0033,Producto 35,1,2021-04-06,42.3,1003,Honduras,42.3
10837,P0028,Producto 8,8,2021-02-17,16.86,1081,Honduras,134.88
10782,P0047,Producto 16,4,2021-03-11,17.92,1026,Guatemala,71.68
10053,P0008,Producto 42,1,2021-04-10,42.4,1042,El Salvador,42.4
10443,P0034,Producto 36,7,2021-02-28,75.97,1058,Guatemala,531.79
10612,P0035,Producto 30,5,2021-01-02,89.9,1031,Nicaragua,449.5
10992,P0032,Producto 18,5,2021-06-06,9.33,1032,Guatemala,46.65
10263,P0024,Producto 2,1,2021-03-06,39.92,1027,Costa Rica,39.92
10052,P0014,Producto 49,6,2021-03-24,10.92,1054,El Salvador,65.52
10571,P0032,Producto 13,9,2021-06-03,2.64,1099,Costa Rica,23.76
10619,P0046,Producto 4,9,2021-01-10,66.51,1059,Nicaragua,598.59
10004,P0043,Producto 26,8,2021-02-22,60.64,1069,El Salvador,485.12
10102,P0016,Producto 25,5,2021-03-20,17.14,1061,Honduras,85.7
10195,P0004,Producto 30,1,2021-02-28,24.15,1079,Guatemala,24.15
10773,P0037,Producto 11,9,2021-05-30,3.35,1033,Costa Rica,30.150000000000002
10876,P0021,Producto 7,1,2021-06-28,83.66,1086,Nicaragua,83.66
10991,P0014,Producto 31,8,2021-02-17,97.49,1087,Honduras,779.92
10883,P0031,Producto 44,5,2021-05-29,14.41,1055,Guatemala,72.05
10349,P0048,Producto 10,3,2021-05-03,23.92,1012,Honduras,71.76
10046,P0018,Producto 39,7,2021-01-22,86.97,1055,Guatemala,608.79
10866,P0007,Producto 13,7,2021-04-10,92.72,1017,El Salvador,649.04
10822,P0010,Producto 31,9,2021-04-08,42.54,1053,Honduras,382.86
10935,P0007,Producto 7,7,2021-06-07,6.01,1076,Honduras,42.07
10819,P0033,Producto 49,3,2021-01-25,4.9,1042,Honduras,14.700000000000001
10655,P0023,Producto 42,1,2021-01-28,57.82,1038,El Salvador,57.82
10268,P0021,Producto 42,8,2021-04-23,39.9,1060,Nicaragua,319.2
10369,P0019,Producto 36,3,2021-02-14,3.84,1041,Guatemala,11.52
10635,P0048,Producto 20,8,2021-03-09,58.74,1080,Honduras,469.92
10105,P0019,Producto 4,8,2021-01-07,2.12,1078,El Salvador,16.96
10669,P0036,Producto 7,5,2021-02-18,78.95,1017,Nicaragua,394.75
10658,P0029,Producto 1,1,2021-05-17,31.34,1022,Guatemala,31.34
10656,P0018,Producto 44,7,2021-06-13,4.99,1053,El Salvador,34.93
10119,P0002,Producto 45,5,2021-03-24,59.25,1029,Guatemala,296.25
10830,P0001,Producto 42,8,2021-05-09,40.37,1097,Honduras,322.96
10786,P0047,Producto 47,9,2021-05-18,97.41,1057,Nicaragua,876.6899999999999
10603,P0005,Producto 13,7,2021-06-13,54.88,1067,El Salvador,384.16
10057,P0020,Producto 22,7,2021-03-14,28.25,1066,Nicaragua,197.75
10950,P0011,Producto 21,1,2021-02-15,71.23,1070,Honduras,71.23
10345,P0042,Producto 22,4,2021-04-16,27.88,1017,Nicaragua,111.52
10740,P0002,Producto 28,2,2021-06-09,90.52,1006,Nicaragua,181.04
10473,P0003,Producto 9,2,2021-02-01,38.1,1039,Costa Rica,76.2
10116,P0023,Producto 26,2,2021-01-06,55.44,1069,Nicaragua,110.88
10829,P0012,Producto 9,4,2021-06-25,6.01,1085,Guatemala,24.04
10790,P0020,Producto 15,1,2021-06-15,43.19,1064,El Salvador,43.19
10126,P0005,Producto 10,4,2021-05-25,83.4,1067,Costa Rica,333.6
10392,P0037,Producto 24,2,2021-03-15,80.76,1048,El Salvador,161.52
10907,P0038,Producto 42,5,2021-04-24,23.21,1051,El Salvador,116.05000000000001
10640,P0030,Producto 8,3,2021-01-27,23.38,1028,Honduras,70.14
10057,P0009,Producto 24,8,2021-02-23,81.91,1020,Honduras,655.28
10633,P0034,Producto 16,4,2021-06-27,93.11,1089,Costa Rica,372.44
10512,P0044,Producto 49,1,2021-06-12,10.44,1077,Honduras,10.44
10750,P0035,Producto 26,1,2021-03-26,45.56,1008,Honduras,45.56
10801,P0022,Producto 27,3,2021-05-07,34.41,1046,Honduras,103.22999999999999
10095,P0044,Producto 37,9,2021-06-02,87.2,1075,El Salvador,784.8000000000001
10637,P0024,Producto 4,7,2021-06-05,9.27,1041,Costa Rica,64.89
10117,P0017,Producto 24,2,2021-04-21,21.9,1050,El Salvador,43.8
10559,P0010,Producto 19,9,2021-01-15,75.49,1055,Guatemala,679.41
10600,P0030,Producto 36,2,2021-05-12,6.08,1050,El Salvador,12.16
10487,P0046,Producto 39,3,2021-04-03,49.76,1069,Guatemala,149.28
10236,P0023,Producto 10,2,2021-05-03,44.77,1019,Nicaragua,89.54
10884,P0032,Producto 25,3,2021-03-14,34.11,1087,Nicaragua,102.33
10896,P0017,Producto 18,6,2021-06-04,40.06,1026,Guatemala,240.36
10271,P0017,Producto 19,9,2021-06-03,53.46,1037,Guatemala,481.14
10188,P0014,Producto 36,9,2021-05-27,16.98,1071,El Salvador,152.82
10998,P0009,Producto 10,7,2021-04-02,57.63,1064,Guatemala,403.41
10703,P0040,Producto 33,3,2021-01-17,80.74,1053,Costa Rica,242.21999999999997
10446,P0002,Producto 5,4,2021-02-12,76.26,1023,Nicaragua,305.04
10580,P0045,Producto 47,6,2021-05-01,16.24,1046,Nicaragua,97.44
10789,P0025,Producto 49,5,2021-02-10,15.78,1070,Guatemala,78.89999999999999
10860,P0039,Producto 35,2,2021-06-19,27.55,1082,Honduras,55.1
10246,P0009,Producto 44,6,2021-06-27,36.75,1085,Honduras,220.5
10962,P0022,Producto 34,3,2021-06-17,41.44,1062,Guatemala,124.32
10075,P0043,Producto 33,8,2021-02-08,68.29,1056,Costa Rica,546.32
10153,P0046,Producto 21,2,2021-04-23,6.61,1054,Honduras,13.22
10655,P0004,Producto 17,1,2021-05-31,4.43,1059,Guatemala,4.43
10434,P0026,Producto 22,9,2021-04-21,39.8,1098,Costa Rica,358.2
10996,P0029,Producto 48,3,2021-06-29,70.02,1061,Costa Rica,210.06
10085,P0045,Producto 37,1,2021-02-16,20.15,1029,El Salvador,20.15
10696,P0034,Producto 15,7,2021-03-04,64.51,1092,Costa Rica,451.57000000000005
10284,P0023,Producto 35,5,2021-04-20,26.72,1021,Honduras,133.6
10973,P0037,Producto 28,5,2021-03-10,88.72,1074,Honduras,443.6
10219,P0011,Producto 7,1,2021-02-12,89.67,1083,Guatemala,89.67
10068,P0006,Producto 32,9,2021-06-25,30.43,1028,Guatemala,273.87
10046,P0018,Producto 11,7,2021-02-03,23.77,1040,Costa Rica,166.39
10093,P0021,Producto 10,8,2021-02-09,41.72,1041,Nicaragua,333.76
10749,P0042,Producto 9,9,2021-03-02,24.81,1097,El Salvador,223.29
10957,P0036,Producto 14,6,2021-06-27,67.57,1064,Nicaragua,405.41999999999996
10452,P0041,Producto 13,5,2021-03-03,82.78,1030,Costa Rica,413.9
10203,P0038,Producto 25,6,2021-02-27,67.64,1029,Costa Rica,405.84000000000003
10911,P0034,Producto 2,2,2021-06-10,82.61,1017,Nicaragua,165.22
10217,P0017,Producto 35,4,2021-03-16,40.3,1016,El Salvador,161.2
10473,P0037,Producto 7,3,2021-01-16,16.48,1037,Nicaragua,49.44
10431,P0025,Producto 21,7,2021-03-23,74.06,1013,Guatemala,518.4200000000001
10340,P0038,Producto 18,9,2021-04-04,36.69,1086,Honduras,330.21
10550,P0012,Producto 3,5,2021-02-17,67.46,1088,Guatemala,337.29999999999995
10611,P0023,Producto 42,6,2021-05-18,27.79,1078,Honduras,166.74
10288,P0042,Producto 39,2,2021-03-23,9.04,1055,Costa Rica,18.08
10253,P0022,Producto 41,3,2021-02-07,99.27,1021,El Salvador,297.81
10733,P0021,Producto 49,3,2021-05-07,16.46,1066,Nicaragua,49.38
10356,P0027,Producto 11,9,2021-01-19,98.85,1055,El Salvador,889.65
10022,P0031,Producto 39,7,2021-06-13,97.75,1018,Nicaragua,684.25
10761,P0006,Producto 24,8,2021-03-04,79.59,1056,Guatemala,636.72
10521,P0027,Producto 46,9,2021-03-18,66.28,1043,Guatemala,596.52
10757,P0040,Producto 19,6,2021-06-23,58.2,1097,Nicaragua,349.20000000000005
10836,P0034,Producto 4,4,2021-05-11,86.74,1034,El Salvador,346.96
10099,P0012,Producto 26,1,2021-04-12,29.65,1000,Nicaragua,29.65
10801,P0045,Producto 38,8,2021-03-06,47.3,1051,Costa Rica,378.4
10179,P0007,Producto 42,7,2021-04-30,62.32,1084,Guatemala,436.24
10222,P0010,Producto 32,2,2021-04-01,41.71,1092,Costa Rica,83.42
10905,P0045,Producto 39,8,2021-01-08,43.32,1069,Guatemala,346.56
10761,P0017,Producto 45,5,2021-06-28,33.7,1036,Guatemala,168.5
10658,P0026,Producto 46,7,2021-03-14,56.86,1064,Honduras,398.02
10441,P0021,Producto 36,4,2021-05-14,85.21,1050,Costa Rica,340.84
10607,P0028,Producto 40,5,2021-04-17,20.95,1000,Costa Rica,104.75
10768,P0046,Producto 37,8,2021-03-30,93.51,1090,Honduras,748.08
10324,P0002,Producto 33,1,2021-02-08,69.22,1020,El Salvador,69.22
10515,P0043,Producto 36,1,2021-04-23,82.5,1052,Costa Rica,82.5
10015,P0001,Producto 3,4,2021-01-28,56.06,1015,Nicaragua,224.24
10791,P0036,Producto 9,3,2021-04-07,78.17,1060,Honduras,234.51
10335,P0026,Producto 8,2,2021-02-06,2.6,1053,Costa Rica,5.2
10758,P0029,Producto 33,3,2021-05-17,82.02,1039,El Salvador,246.06
10257,P0021,Producto 6,1,2021-03-23,4.97,1025,Costa Rica,4.97
10496,P0011,Producto 41,1,2021-02-25,89.1,1079,Guatemala,89.1
10987,P0040,Producto 39,6,2021-03-26,99.2,1091,Nicaragua,595.2
10895,P0011,Producto 4,5,2021-01-02,30.11,1064,Honduras,150.55
10159,P0036,Producto 13,8,2021-02-27,21.82,1099,Guatemala,174.56
10474,P0049,Producto 49,2,2021-04-17,76.77,1073,El Salvador,153.54
10851,P0039,Producto 2,4,2021-05-03,26.05,1063,Guatemala,104.2
10663,P0040,Producto 5,8,2021-06-17,86.69,1042,Guatemala,693.52
10907,P0035,Producto 44,6,2021-06-13,11.18,1016,El Salvador,67.08
10689,P0034,Producto 27,1,2021-04-24,13.47,1058,Guatemala,13.47
10674,P0047,Producto 32,4,2021-04-17,97.94,1022,Honduras,391.76
10379,P0024,Producto 21,1,2021-02-06,67.71,1006,Costa Rica,67.71
10544,P0022,Producto 8,2,2021-03-20,84.84,1043,Guatemala,169.68
10928,P0005,Producto 38,5,2021-04-02,33.11,1052,Honduras,165.55
10956,P0033,Producto 8,8,2021-01-18,67.97,1070,Costa Rica,543.76
10690,P0036,Producto 3,8,2021-04-08,59.83,1078,Costa Rica,478.64
10426,P0047,Producto 44,3,2021-03-04,60.71,1033,Guatemala,182.13
10612,P0020,Producto 3,4,2021-05-30,68.57,1045,Honduras,274.28
10267,P0019,Producto 22,6,2021-05-19,57.96,1067,Guatemala,347.76
10834,P0035,Producto 6,3,2021-01-04,43.48,1077,El Salvador,130.44
10576,P0043,Producto 2,2,2021-05-15,28.32,1077,Costa Rica,56.64
10416,P0017,Producto 23,6,2021-03-02,77.09,1015,Guatemala,462.54
10167,P0045,Producto 44,5,2021-04-17,23.4,1070,Costa Rica,117.0
10841,P0043,Producto 2,5,2021-02-23,69.54,1095,Honduras,347.70000000000005
10042,P0034,Producto 38,5,2021-03-29,24.1,1018,Nicaragua,120.5
10555,P0009,Producto 17,5,2021-03-09,62.91,1001,Guatemala,314.54999999999995
10284,P0026,Producto 35,3,2021-05-09,74.96,1009,Guatemala,224.88
10396,P0002,Producto 34,7,2021-02-24,22.65,1049,Costa Rica,158.54999999999998
10011,P0009,Producto 23,6,2021-01-03,6.93,1080,Honduras,41.58
10606,P0009,Producto 30,4,2021-06-15,13.97,1011,El Salvador,55.88
10301,P0040,Producto 8,2,2021-05-01,60.99,1069,Honduras,121.98
10897,P0017,Producto 22,9,2021-05-09,85.1,1021,Guatemala,765.9
10252,P0001,Producto 44,1,2021-04-12,5.45,1031,El Salvador,5.45
10498,P0025,Producto 36,4,2021-02-07,73.68,1083,Honduras,294.72
10753,P0043,Producto 5,1,2021-03-26,34.79,1000,Nicaragua,34.79
10034,P0040,Producto 13,6,2021-06-06,48.37,1053,Costa Rica,290.21999999999997
10726,P0042,Producto 29,4,2021-05-13,92.96,1057,Honduras,371.84
10848,P0025,Producto 31,5,2021-04-02,33.87,1069,Honduras,169.35
10089,P0039,Producto 47,5,2021-01-21,47.07,1082,Nicaragua,235.35
10775,P0035,Producto 16,9,2021-04-19,2.35,1017,Guatemala,21.150000000000002
10604,P0003,Producto 42,1,2021-02-16,9.08,1005,Costa Rica,9.08
10921,P0037,Producto 30,2,2021-03-25,26.6,1044,Honduras,53.2
10969,P0044,Producto 16,6,2021-03-24,3.76,1096,El Salvador,22.56
10601,P0044,Producto 12,5,2021-02-04,63.51,1022,Honduras,317.55
10417,P0030,Producto 17,7,2021-03-10,43.21,1022,Costa Rica,302.47
10114,P0038,Producto 16,3,2021-05-09,55.27,1025,Honduras,165.81
10616,P0034,Producto 12,3,2021-05-20,18.29,1076,Nicaragua,54.87
10902,P0012,Producto 8,2,2021-01-27,30.3,1006,Honduras,60.6
10195,P0019,Producto 20,3,2021-02-25,66.72,1078,Honduras,200.16
10825,P0037,Producto 3,1,2021-01-23,96.56,1043,El Salvador,96.56
10500,P0044,Producto 16,5,2021-06-02,5.99,1026,Nicaragua,29.950000000000003
10625,P0049,Producto 30,5,2021-01-21,89.15,1025,Nicaragua,445.75
10492,P0017,Producto 45,7,2021-03-02,58.11,1096,Honduras,406.77
10074,P0010,Producto 23,4,2021-03-04,56.83,1078,El Salvador,227.32
10412,P0049,Producto 28,3,2021-05-02,50.53,1035,Honduras,151.59
10375,P0047,Producto 40,1,2021-02-21,7.87,1054,Honduras,7.87
10419,P0012,Producto 5,8,2021-03-29,9.9,1063,Costa Rica,79.2
10728,P0016,Producto 20,3,2021-06-02,60.49,1090,Costa Rica,181.47
10276,P0024,Producto 40,2,2021-02-24,34.75,1056,El Salvador,69.5
10760,P0019,Producto 44,4,2021-02-15,91.81,1068,Guatemala,367.24
10675,P0008,Producto 1,3,2021-02-01,41.25,1060,Costa Rica,123.75
10393,P0031,Producto 30,1,2021-02-24,15.18,1001,Guatemala,15.18
10868,P0021,Producto 21,3,2021-04-06,71.76,1054,Nicaragua,215.28000000000003
10456,P0017,Producto 20,2,2021-05-13,30.04,1096,Costa Rica,60.08
10919,P0023,Producto 6,8,2021-02-05,53.02,1079,Costa Rica,424.16
10191,P0037,Producto 22,6,2021-04-20,70.09,1086,El Salvador,420.54
10738,P0016,Producto 18,9,2021-06-26,90.13,1037,Guatemala,811.17
10688,P0006,Producto 8,8,2021-04-16,79.43,1079,Costa Rica,635.44
10098,P0008,Producto 39,3,2021-02-27,67.96,1077,Costa Rica,203.88
10547,P0025,Producto 32,5,2021-02-08,68.28,1028,El Salvador,341.4
10977,P0018,Producto 33,7,2021-03-21,94.65,1025,El Salvador,662.5500000000001
10998,P0025,Producto 16,5,2021-04-07,30.29,1034,Guatemala,151.45
10095,P0012,Producto 12,8,2021-04-23,1.11,1078,Nicaragua,8.88
10663,P0015,Producto 38,5,2021-03-02,27.92,1066,Nicaragua,139.60000000000002
10662,P0026,Producto 34,1,2021-05-17,22.57,1086,Honduras,22.57
10189,P0041,Producto 14,5,2021-01-06,66.52,1028,Costa Rica,332.59999999999997
10735,P0045,Producto 36,4,2021-04-19,63.74,1033,Guatemala,254.96
10036,P0026,Producto 33,6,2021-02-04,59.75,1096,Costa Rica,358.5
10779,P0047,Producto 23,3,2021-02-08,2.61,1040,Guatemala,7.83
10368,P0032,Producto 45,5,2021-05-30,73.15,1040,Guatemala,365.75
10694,P0010,Producto 2,2,2021-06-18,33.03,1022,Guatemala,66.06
10524,P0016,Producto 41,6,2021-04-28,66.84,1070,Costa Rica,401.04
10278,P0007,Producto 21,6,2021-01-05,56.1,1002,El Salvador,336.6
10216,P0017,Producto 2,5,2021-06-19,34.93,1057,Costa Rica,174.65
10866,P0023,Producto 27,6,2021-03-28,14.32,1031,Guatemala,85.92
10872,P0026,Producto 9,7,2021-03-17,10.35,1030,Honduras,72.45
10797,P0021,Producto 1,5,2021-06-07,83.32,1081,Nicaragua,416.59999999999997
10272,P0022,Producto 11,1,2021-02-26,91.92,1042,Guatemala,91.92
10880,P0007,Producto 3,8,2021-05-07,65.33,1006,Honduras,522.64
10061,P0014,Producto 23,4,2021-01-29,11.24,1000,El Salvador,44.96
10595,P0015,Producto 26,9,2021-06-14,40.8,1060,Guatemala,367.2
10879,P0007,Producto 4,6,2021-03-28,73.16,1013,Honduras,438.96
10728,P0009,Producto 18,1,2021-05-21,78.2,1051,Guatemala,78.2
10341,P0048,Producto 6,3,2021-06-09,12.7,1095,Costa Rica,38.099999999999994
10396,P0008,Producto 35,3,2021-02-15,1.0,1005,Honduras,3.0
10698,P0023,Producto 22,4,2021-04-26,71.5,1009,Costa Rica,286.0
10018,P0029,Producto 43,6,2021-04-22,36.3,1070,Costa Rica,217.79999999999998
10176,P0018,Producto 15,7,2021-05-31,26.19,1089,Honduras,183.33
10611,P0031,Producto 22,4,2021-02-14,2.28,1097,Nicaragua,9.12
10395,P0030,Producto 37,6,2021-05-25,54.49,1029,Honduras,326.94
10444,P0039,Producto 42,1,2021-04-14,85.26,1099,Nicaragua,85.26
10232,P0035,Producto 12,8,2021-03-26,95.81,1020,Guatemala,766.48
10914,P0018,Producto 47,7,2021-05-14,57.01,1059,Guatemala,399.07
10075,P0042,Producto 49,9,2021-04-18,51.93,1080,Honduras,467.37
10264,P0039,Producto 42,3,2021-01-18,9.42,1096,Guatemala,28.259999999999998
10454,P0017,Producto 38,2,2021-04-04,55.34,1073,El Salvador,110.68
10795,P0014,Producto 18,1,2021-05-30,38.62,1062,Costa Rica,38.62
10717,P0031,Producto 45,3,2021-02-02,61.11,1041,Costa Rica,183.32999999999998
10734,P0024,Producto 35,5,2021-06-07,39.48,1050,Nicaragua,197.39999999999998
10383,P0035,Producto 30,2,2021-05-06,24.79,1063,Guatemala,49.58
10563,P0044,Producto 24,3,2021-06-09,10.4,1075,Nicaragua,31.200000000000003
10850,P0045,Producto 42,4,2021-06-19,32.18,1055,Costa Rica,128.72
10505,P0034,Producto 30,7,2021-05-02,10.57,1079,Costa Rica,73.99000000000001
10366,P0003,Producto 14,3,2021-05-18,18.51,1040,Guatemala,55.53
10143,P0037,Producto 6,9,2021-04-25,98.75,1031,El Salvador,888.75
10884,P0043,Producto 3,8,2021-06-13,44.97,1014,El Salvador,359.76
10068,P0040,Producto 16,4,2021-06-11,53.66,1061,Guatemala,214.64
10098,P0026,Producto 7,1,2021-01-28,87.49,1026,Guatemala,87.49
10395,P0023,Producto 14,1,2021-01-11,99.56,1027,Nicaragua,99.56
10024,P0044,Producto 9,1,2021-06-16,58.69,1080,Guatemala,58.69
10947,P0039,Producto 15,1,2021-02-16,81.43,1063,El Salvador,81.43
10890,P0015,Producto 21,8,2021-05-07,33.37,1058,Guatemala,266.96
10468,P0049,Producto 35,3,2021-05-27,31.27,1057,Nicaragua,93.81
10483,P0004,Producto 2,6,2021-04-28,40.87,1001,Nicaragua,245.21999999999997
10564,P0029,Producto 27,3,2021-05-23,67.58,1035,Nicaragua,202.74
10150,P0022,Producto 2,5,2021-05-06,68.54,1070,Nicaragua,342.70000000000005
10143,P0025,Producto 35,7,2021-06-05,32.21,1012,Honduras,225.47
10568,P0013,Producto 18,2,2021-06-01,14.19,1014,Guatemala,28.38
10038,P0018,Producto 14,6,2021-03-13,63.61,1088,Costa Rica,381.65999999999997
10108,P0033,Producto 20,6,2021-04-17,13.7,1086,Guatemala,82.19999999999999
10692,P0016,Producto 18,3,2021-05-17,58.27,1059,Honduras,174.81
10041,P0045,Producto 10,6,2021-06-24,69.65,1021,Nicaragua,417.90000000000003
10185,P0042,Producto 25,5,2021-02-02,70.36,1062,Honduras,351.8
10934,P0044,Producto 2,2,2021-01-19,75.59,1089,El Salvador,151.18
10397,P0002,Producto 25,9,2021-03-15,87.41,1096,El Salvador,786.6899999999999
10222,P0035,Producto 33,8,2021-06-17,50.5,1074,Guatemala,404.0
10633,P0042,Producto 36,3,2021-06-24,73.29,1073,Guatemala,219.87
10132,P0034,Producto 31,8,2021-06-06,62.3,1024,Costa Rica,498.4
10162,P0030,Producto 14,9,2021-06-27,19.48,1047,Costa Rica,175.32
10214,P0013,Producto 1,3,2021-04-08,3.54,1042,El Salvador,10.620000000000001
10732,P0013,Producto 46,3,2021-05-21,29.17,1037,Nicaragua,87.51
10234,P0018,Producto 16,2,2021-05-09,44.86,1040,Honduras,89.72
10842,P0032,Producto 46,8,2021-06-11,62.09,1044,Costa Rica,496.72
10657,P0032,Producto 3,1,2021-04-03,85.15,1087,Costa Rica,85.15
10750,P0035,Producto 35,8,2021-06-25,20.43,1039,Nicaragua,163.44
10587,P0039,Producto 41,7,2021-02-17,13.43,1096,Nicaragua,94.00999999999999
10008,P0046,Producto 6,7,2021-06-26,96.38,1016,Guatemala,674.66
10073,P0029,Producto 25,3,2021-03-05,11.7,1087,Honduras,35.099999999999994
10953,P0049,Producto 13,1,2021-03-02,48.37,1056,Nicaragua,48.37
10491,P0029,Producto 34,4,2021-06-06,58.97,1001,Costa Rica,235.88
10912,P0044,Producto 8,9,2021-02-08,54.6,1095,Costa Rica,491.40000000000003
10252,P0016,Producto 21,5,2021-05-08,9.52,1061,El Salvador,47.599999999999994
10229,P0044,Producto 34,1,2021-03-29,6.65,1087,Nicaragua,6.65
10518,P0047,Producto 4,5,2021-01-26,11.44,1008,Guatemala,57.199999999999996
10173,P0010,Producto 25,8,2021-01-17,58.97,1067,Honduras,471.76
10652,P0030,Producto 15,8,2021-03-12,54.89,1080,Guatemala,439.12
10167,P0025,Producto 4,5,2021-01-13,24.14,1016,Costa Rica,120.7
10169,P0039,Producto 45,9,2021-03-10,64.14,1049,Guatemala,577.26
10392,P0020,Producto 12,1,2021-01-26,82.19,1093,Costa Rica,82.19
10945,P0005,Producto 32,4,2021-02-18,5.12,1039,Costa Rica,20.48
10794,P0001,Producto 32,3,2021-01-07,50.31,1057,Costa Rica,150.93
10633,P0030,Producto 28,2,2021-02-27,69.24,1074,Costa Rica,138.48
10193,P0049,Producto 13,8,2021-02-18,25.98,1084,Costa Rica,207.84
10516,P0003,Producto 31,7,2021-04-13,31.47,1020,El Salvador,220.29
10028,P0045,Producto 14,9,2021-02-22,61.75,1017,Guatemala,555.75
10164,P0014,Producto 20,2,2021-03-03,89.9,1054,El Salvador,179.8
10421,P0030,Producto 18,4,2021-01-17,81.18,1028,El Salvador,324.72
10338,P0004,Producto 29,6,2021-06-20,58.73,1023,Nicaragua,352.38
10647,P0018,Producto 6,3,2021-01-25,73.29,1073,Nicaragua,219.87
10495,P0037,Producto 32,8,2021-05-11,37.12,1016,Nicaragua,296.96
10364,P0025,Producto 29,3,2021-01-29,64.46,1017,Honduras,193.38
10832,P0048,Producto 43,2,2021-04-27,47.15,1041,Nicaragua,94.3
10341,P0001,Producto 2,3,2021-06-09,19.8,1083,Guatemala,59.400000000000006
10499,P0046,Producto 23,6,2021-01-26,70.47,1044,El Salvador,422.82
10656,P0015,Producto 19,2,2021-05-04,56.09,1081,Guatemala,112.18
10510,P0009,Producto 31,8,2021-05-24,36.5,1016,Nicaragua,292.0
10326,P0015,Producto 5,1,2021-01-25,91.22,1072,Honduras,91.22
10216,P0049,Producto 19,7,2021-02-23,3.07,1013,Honduras,21.49
10300,P0024,Producto 34,2,2021-06-05,32.26,1048,El Salvador,64.52
10131,P0004,Producto 10,6,2021-03-14,6.63,1028,Guatemala,39.78
10803,P0012,Producto 25,2,2021-04-30,76.89,1094,Costa Rica,153.78
10069,P0037,Producto 2,2,2021-02-25,70.51,1003,Guatemala,141.02
10251,P0037,Producto 11,8,2021-03-06,33.8,1081,Nicaragua,270.4
10414,P0043,Producto 31,2,2021-04-03,67.89,1019,Costa Rica,135.78
10786,P0006,Producto 15,7,2021-03-27,40.2,1046,Honduras,281.40000000000003
10444,P0039,Producto 9,3,2021-03-21,75.87,1008,El Salvador,227.61
10875,P0046,Producto 23,8,2021-06-18,45.96,1076,El Salvador,367.68
10181,P0024,Producto 19,7,2021-04-18,41.82,1078,Honduras,292.74
10166,P0011,Producto 9,8,2021-06-28,93.54,1026,Nicaragua,748.32
10090,P0013,Producto 35,7,2021-04-28,25.84,1014,Honduras,180.88
10713,P0034,Producto 21,6,2021-06-06,12.92,1091,Nicaragua,77.52
10857,P0025,Producto 9,7,2021-03-24,58.87,1018,Costa Rica,412.09
10530,P0007,Producto 28,5,2021-05-27,96.96,1089,Honduras,484.79999999999995
10038,P0004,Producto 46,7,2021-06-18,38.41,1051,Nicaragua,268.87
10125,P0008,Producto 7,1,2021-06-22,7.14,1025,Costa Rica,7.14
10450,P0020,Producto 16,1,2021-01-15,34.59,1088,Honduras,34.59
10172,P0029,Producto 16,9,2021-05-11,51.09,1025,El Salvador,459.81000000000006
10652,P0045,Producto 33,5,2021-05-19,17.03,1025,Honduras,85.15
10753,P0046,Producto 4,5,2021-06-23,66.15,1045,Guatemala,330.75
10219,P0010,Producto 4,3,2021-01-30,99.78,1091,Honduras,299.34000000000003
10637,P0043,Producto 39,5,2021-02-26,45.72,1048,Guatemala,228.6
10057,P0034,Producto 40,3,2021-05-26,36.12,1081,Costa Rica,108.35999999999999
10659,P0026,Producto 17,9,2021-06-28,40.67,1095,Honduras,366.03000000000003
10475,P0041,Producto 37,9,2021-05-08,12.4,1052,Costa Rica,111.60000000000001
10455,P0049,Producto 39,6,2021-02-17,88.44,1002,Costa Rica,530.64
10828,P0003,Producto 29,1,2021-05-16,42.07,1065,Nicaragua,42.07
10894,P0006,Producto 36,7,2021-01-22,39.34,1096,Costa Rica,275.38
10360,P0005,Producto 38,7,2021-01-06,66.31,1041,Costa Rica,464.17
10934,P0005,Producto 39,4,2021-04-14,44.76,1018,Honduras,179.04
10000,P0047,Producto 37,8,2021-02-05,65.18,1016,Honduras,521.44
10386,P0023,Producto 35,6,2021-03-20,7.08,1032,El Salvador,42.480000000000004
10972,P0049,Producto 7,4,2021-04-26,81.56,1075,Nicaragua,326.24
10347,P0009,Producto 27,4,2021-02-26,94.11,1048,Costa Rica,376.44
10189,P0035,Producto 28,2,2021-02-18,65.23,1055,Nicaragua,130.46
10504,P0020,Producto 22,2,2021-06-22,95.5,1062,Guatemala,191.0
10190,P0049,Producto 14,4,2021-03-23,15.99,1002,Costa Rica,63.96
10507,P0042,Producto 7,5,2021-03-07,48.26,1048,Nicaragua,241.29999999999998
10368,P0035,Producto 37,8,2021-03-18,60.58,1054,El Salvador,484.64
10408,P0018,Producto 22,6,2021-02-14,58.59,1025,El Salvador,351.54
10823,P0017,Producto 5,4,2021-03-20,40.74,1098,Costa Rica,162.96
10928,P0024,Producto 2,7,2021-01-20,34.47,1071,Guatemala,241.29
10933,P0003,Producto 27,8,2021-05-03,13.56,1051,El Salvador,108.48
10116,P0032,Producto 21,2,2021-03-08,39.78,1099,El Salvador,79.56
10133,P0035,Producto 38,7,2021-03-24,17.1,1006,Guatemala,119.70000000000002
10057,P0038,Producto 15,2,2021-01-03,73.7,1045,Nicaragua,147.4
10555,P0013,Producto 21,2,2021-03-05,21.67,1045,El Salvador,43.34
10684,P0047,Producto 10,8,2021-02-09,6.8,1099,Honduras,54.4
10671,P0025,Producto 23,2,2021-02-28,55.68,1015,El Salvador,111.36
10172,P0009,Producto 39,9,2021-03-03,59.93,1023,Nicaragua,539.37
10828,P0004,Producto 5,1,2021-05-12,87.32,1060,Nicaragua,87.32
10814,P0014,Producto 1,9,2021-03-01,58.12,1053,Costa Rica,523.0799999999999
10148,P0037,Producto 13,1,2021-04-26,35.2,1061,Honduras,35.2
10079,P0034,Producto 21,2,2021-03-16,80.5,1000,Nicaragua,161.0
10885,P0011,Producto 26,6,2021-05-02,54.49,1048,Guatemala,326.94
10212,P0041,Producto 45,6,2021-04-17,8.85,1024,Honduras,53.099999999999994
10202,P0003,Producto 21,1,2021-04-06,57.02,1009,Honduras,57.02
10763,P0028,Producto 18,7,2021-04-01,90.89,1079,Guatemala,636.23
10228,P0029,Producto 37,8,2021-06-07,40.23,1015,El Salvador,321.84
10675,P0009,Producto 45,2,2021-05-10,30.34,1057,Guatemala,60.68
10226,P0003,Producto 32,8,2021-03-03,15.2,1071,Guatemala,121.6
10658,P0025,Producto 36,9,2021-02-18,15.99,1028,El Salvador,143.91
10531,P0034,Producto 17,6,2021-05-17,43.84,1091,El Salvador,263.04
10440,P0012,Producto 35,5,2021-04-02,59.97,1005,El Salvador,299.85
10401,P0042,Producto 49,9,2021-06-08,8.98,1015,El Salvador,80.82000000000001
10046,P0009,Producto 11,9,2021-05-04,94.02,1019,El Salvador,846.18
10232,P0015,Producto 21,1,2021-03-02,75.76,1079,Guatemala,75.76
10304,P0040,Producto 26,3,2021-02-17,59.08,1070,Costa Rica,177.24
10525,P0025,Producto 4,9,2021-06-02,83.02,1077,Costa Rica,747.18
10142,P0005,Producto 34,2,2021-06-13,8.94,1042,Nicaragua,17.88
10414,P0011,Producto 48,4,2021-05-16,48.21,1025,Costa Rica,192.84
10512,P0034,Producto 18,4,2021-02-27,63.38,1089,Costa Rica,253.52
10372,P0024,Producto 40,2,2021-04-11,83.04,1077,Guatemala,166.08
10565,P0015,Producto 35,3,2021-04-22,78.56,1070,El Salvador,235.68
10885,P0038,Producto 41,3,2021-06-22,28.43,1032,El Salvador,85.28999999999999
10258,P0008,Producto 29,1,2021-03-03,94.15,1025,Guatemala,94.15
10655,P0005,Producto 29,6,2021-02-08,13.31,1044,Costa Rica,79.86
10470,P0048,Producto 38,8,2021-02-27,87.64,1083,Guatemala,701.12
10952,P0026,Producto 42,3,2021-04-09,97.12,1062,Nicaragua,291.36
10970,P0018,Producto 21,5,2021-02-13,18.54,1066,El Salvador,92.69999999999999
10011,P0006,Producto 42,1,2021-01-29,72.48,1051,Honduras,72.48
10329,P0037,Producto 13,7,2021-02-28,4.99,1067,Nicaragua,34.93
10735,P0048,Producto 49,1,2021-03-12,41.14,1025,Nicaragua,41.14
10783,P0013,Producto 41,9,2021-04-02,52.11,1074,Guatemala,468.99
10967,P0028,Producto 17,8,2021-01-09,58.48,1001,Costa Rica,467.84
10357,P0005,Producto 9,7,2021-05-07,93.66,1013,El Salvador,655.62
10971,P0013,Producto 41,7,2021-05-14,67.55,1029,Honduras,472.84999999999997
10407,P0017,Producto 1,5,2021-06-06,48.65,1048,Nicaragua,243.25
10667,P0040,Producto 2,5,2021-05-25,81.16,1011,Honduras,405.79999999999995
10372,P0045,Producto 48,5,2021-05-24,95.1,1089,Costa Rica,475.5
10007,P0032,Producto 29,1,2021-05-11,3.18,1043,Costa Rica,3.18
10121,P0029,Producto 33,8,2021-01-21,98.27,1032,Honduras,786.16
10347,P0003,Producto 10,1,2021-03-05,9.53,1012,El Salvador,9.53
10675,P0040,Producto 40,4,2021-03-31,81.62,1077,Costa Rica,326.48
10089,P0034,Producto 21,9,2021-02-05,28.75,1087,Honduras,258.75
10647,P0040,Producto 28,9,2021-03-03,14.09,1097,Nicaragua,126.81
10697,P0027,Producto 11,5,2021-06-19,44.55,1025,Honduras,222.75
10315,P0013,Producto 34,4,2021-03-17,64.75,1020,Honduras,259.0
10177,P0045,Producto 8,3,2021-06-19,38.71,1027,Guatemala,116.13
10539,P0033,Producto 22,3,2021-01-13,6.4,1047,Costa Rica,19.200000000000003
10731,P0006,Producto 8,5,2021-01-11,60.35,1099,El Salvador,301.75
10868,P0024,Producto 49,1,2021-02-23,90.34,1039,El Salvador,90.34
10040,P0019,Producto 15,5,2021-01-16,38.94,1065,Guatemala,194.7
10739,P0016,Producto 17,6,2021-01-08,22.42,1072,El Salvador,134.52
10703,P0040,Producto 23,7,2021-04-14,44.82,1086,Honduras,313.74
10922,P0028,Producto 24,9,2021-02-28,5.79,1078,Guatemala,52.11
10501,P0033,Producto 45,3,2021-02-26,82.23,1076,Nicaragua,246.69
10958,P0048,Producto 19,2,2021-02-09,82.81,1022,Costa Rica,165.62
10144,P0041,Producto 5,3,2021-05-10,59.21,1080,Costa Rica,177.63
10200,P0013,Producto 32,9,2021-04-04,35.96,1047,Costa Rica,323.64
10928,P0043,Producto 44,7,2021-05-18,80.18,1001,Honduras,561.26
10723,P0045,Producto 1,9,2021-02-13,55.91,1083,Nicaragua,503.18999999999994
10460,P0025,Producto 23,2,2021-05-19,82.77,1019,Guatemala,165.54
10731,P0042,Producto 37,5,2021-03-21,63.51,1058,Guatemala,317.55
10751,P0036,Producto 8,4,2021-03-22,78.66,1045,Costa Rica,314.64
10924,P0027,Producto 13,2,2021-01-02,60.26,1002,Nicaragua,120.52
10908,P0038,Producto 8,9,2021-06-27,42.0,1054,Nicaragua,378.0
10557,P0007,Producto 23,9,2021-05-20,95.84,1011,Nicaragua,862.5600000000001
10546,P0005,Producto 43,6,2021-04-25,54.57,1039,El Salvador,327.42
10252,P0043,Producto 1,6,2021-03-31,60.9,1065,El Salvador,365.4
10389,P0045,Producto 45,8,2021-01-23,22.83,1099,Costa Rica,182.64
10593,P0031,Producto 24,6,2021-05-26,62.94,1077,Nicaragua,377.64
10882,P0023,Producto 35,1,2021-03-03,57.59,1015,Nicaragua,57.59
10255,P0042,Producto 24,4,2021-04-23,19.3,1082,Guatemala,77.2
10708,P0010,Producto 17,7,2021-05-08,6.9,1033,Guatemala,48.300000000000004
10814,P0032,Producto 5,2,2021-03-03,60.83,1043,Costa Rica,121.66
10920,P0043,Producto 20,9,2021-02-07,76.61,1005,Nicaragua,689.49
10449,P0030,Producto 21,8,2021-06-15,52.82,1076,Costa Rica,422.56
10009,P0039,Producto 40,8,2021-03-02,23.45,1063,Guatemala,187.6
10823,P0031,Producto 31,7,2021-05-09,66.99,1099,Guatemala,468.92999999999995
10797,P0018,Producto 46,4,2021-06-22,8.93,1021,El Salvador,35.72
10241,P0036,Producto 36,2,2021-06-05,44.74,1017,Costa Rica,89.48
10250,P0002,Producto 11,3,2021-05-29,17.17,1011,Costa Rica,51.510000000000005
